"Path","Platform","Compiled","Cooked","Permutations","Compiletime","CompiledDouble","CookedDouble"
"Globals","0","5312","0","1","0.000000","0","0"
"/ControlRig/Controls/ControlRigGizmoMaterial.ControlRigGizmoMaterial","0","4","4","1","4.111686","0","4"
"/Engine/EngineDebugMaterials/DebugEditorMaterial.DebugEditorMaterial","0","7","8","1","6.553387","0","8"
"/Engine/EditorMaterials/PhAT_NoCollisionMaterial.PhAT_NoCollisionMaterial","0","5","5","1","3.752529","0","5"
"/Engine/EditorMaterials/PhAT_UnselectedMaterial.PhAT_UnselectedMaterial","0","5","5","1","3.325998","0","5"
"/MeshModelingToolset/Materials/M_DynamicMeshComponentVtxColor.M_DynamicMeshComponentVtxColor","0","18","20","1","20.635599","0","20"
"/Engine/EngineDebugMaterials/M_VolumeRenderSphereTracePP.M_VolumeRenderSphereTracePP","0","5","5","1","2.419551","0","5"
"/Engine/EngineMaterials/RemoveSurfaceMaterial.RemoveSurfaceMaterial","0","4","4","1","3.001986","0","4"
"/Engine/EngineSky/M_SimpleSkyDome.M_SimpleSkyDome","0","4","4","1","1.706233","0","4"
"/Engine/EngineMaterials/M_InvalidLightmapSettings.M_InvalidLightmapSettings","0","28","28","1","22.124418","0","28"
"/Engine/EngineMaterials/EmissiveMeshMaterial.EmissiveMeshMaterial","0","7","7","1","4.613498","0","7"
"/CommonUI/VideoPlayerMaterial.VideoPlayerMaterial","0","12","12","1","4.722685","0","12"
"/Paper2D/DefaultSpriteMaterial.DefaultSpriteMaterial","0","56","62","3","50.688797","0","62"
"/Game/StarterContent/Particles/Materials/m_flare_01.m_flare_01","0","14","14","1","6.623930","0","14"
"/Game/StarterContent/Blueprints/Assets/M_LightStage_Arrows.M_LightStage_Arrows","0","4","4","1","1.469796","0","4"
"/Engine/EngineMaterials/PhAT_JointLimitMaterial.PhAT_JointLimitMaterial","0","10","11","1","9.649939","0","11"
"/ControlRig/M_Manip.M_Manip","0","10","11","1","5.579729","0","11"
"/Engine/VREditor/TransformGizmo/TransformGizmoMaterial.TransformGizmoMaterial","0","4","4","1","3.161975","0","4"
"/Engine/VREditor/LaserPointer/LaserPointerMaterial.LaserPointerMaterial","0","6","6","1","4.890523","0","6"
"/Game/LevelPrototyping/Materials/M_PrototypeGrid.M_PrototypeGrid","0","69","69","3","75.476929","0","69"
"/Game/FirstPerson/FirstPersonArms/Character/Materials/M_Mannequin.M_Mannequin","0","56","60","2","65.805069","0","60"
"/Game/Characters/Mannequins/Materials/M_Mannequin.M_Mannequin","0","56","60","2","0.000000","0","60"
"/Engine/EngineMaterials/NaniteHiddenSectionMaterial.NaniteHiddenSectionMaterial","0","27","29","1","26.549047","0","29"
"/Engine/EngineMaterials/Widget3DPassThrough.Widget3DPassThrough","0","57","62","6","40.684582","0","62"
"/Engine/EngineMaterials/FlattenMaterial_WS_Normal_VT.FlattenMaterial_WS_Normal_VT","0","35","35","1","31.923336","0","35"
"/Engine/EngineMaterials/FlattenMaterial_VT.FlattenMaterial_VT","0","35","35","1","29.580311","0","35"
"/Engine/EngineMaterials/FlattenMaterial.FlattenMaterial","0","35","35","1","0.000000","0","35"
"/Engine/EngineMaterials/GizmoMaterial.GizmoMaterial","0","7","8","1","6.076530","0","8"
"/Engine/EngineDebugMaterials/DebugMeshMaterial.DebugMeshMaterial","0","7","7","1","6.233815","0","7"
"/Interchange/gltf/M_Sheen.M_Sheen","0","262","272","6","463.296387","0","272"
"/Engine/EngineMaterials/DefaultLightFunctionMaterial.DefaultLightFunctionMaterial","0","45","45","1","29.492779","0","45"
"/Engine/EngineDebugMaterials/M_SimpleUnlitTranslucent.M_SimpleUnlitTranslucent","0","5","5","1","1.590074","0","5"
"/Engine/EditorLandscapeResources/SplineEditorMeshMat.SplineEditorMeshMat","0","12","14","1","16.233469","0","14"
"/Game/LevelPrototyping/Materials/M_Solid.M_Solid","0","26","26","1","24.082029","0","26"
"/Game/FirstPerson/Blueprints/Weapon/FPWeapon/Materials/BaseMaterial.BaseMaterial","0","35","35","1","9.702408","0","35"
"/Engine/EditorMaterials/Camera/CineMat.CineMat","0","26","26","1","22.512493","0","26"
"/Engine/VREditor/TransformGizmo/TranslucentTransformGizmoMaterial.TranslucentTransformGizmoMaterial","0","5","5","1","1.737572","0","5"
"/Engine/VREditor/TransformGizmo/Xray.Xray","0","14","14","1","9.454481","0","14"
"/Engine/VREditor/TransformGizmo/Main.Main","0","5","5","1","1.720111","0","5"
"/Engine/EditorMaterials/Dataflow/DataflowVertexMaterial.DataflowVertexMaterial","0","26","26","1","23.150043","0","26"
"/Interchange/gltf/M_SpecularGlossiness.M_SpecularGlossiness","0","262","272","6","562.038635","0","272"
"/Interchange/gltf/M_Default.M_Default","0","262","272","6","611.382690","0","272"
"/Game/StarterContent/Materials/M_Basic_Wall.M_Basic_Wall","0","23","23","1","18.593544","0","23"
"/Engine/BasicShapes/BasicShapeMaterial.BasicShapeMaterial","0","67","67","1","39.201721","0","67"
"/ControlRig/Controls/ControlRigXRayMaterial.ControlRigXRayMaterial","0","10","11","1","6.294952","0","11"
"/Game/StarterContent/Materials/M_Glass.M_Glass","0","35","35","1","122.560463","0","35"
"/Interchange/gltf/M_ClearCoat.M_ClearCoat","0","262","272","6","459.245667","0","272"
"/Game/StarterContent/Materials/M_Basic_Floor.M_Basic_Floor","0","23","23","1","18.625353","0","23"
"/Game/StarterContent/Materials/M_AssetPlatform.M_AssetPlatform","0","23","23","1","19.733824","0","23"
"/Engine/EditorMeshes/ColorCalibrator/M_GreyBall.M_GreyBall","0","35","35","1","28.366037","0","35"
"/Engine/EditorMeshes/ColorCalibrator/M_ClearCoat.M_ClearCoat","0","23","23","1","18.610611","0","23"
"/Engine/EditorMeshes/ColorCalibrator/M_ChromeBall.M_ChromeBall","0","35","35","1","29.240101","0","35"
"/Engine/EditorMeshes/ColorCalibrator/M_ClearCoatBlack.M_ClearCoatBlack","0","23","23","1","18.257145","0","23"
"/Interchange/gltf/M_Transmission.M_Transmission","0","96","96","2","998.100708","0","96"
"/Game/StarterContent/Particles/Materials/M_Heat_Distortion.M_Heat_Distortion","0","23","23","1","15.439684","0","23"
"/Engine/EngineMaterials/PPM_DefaultCalibrationGrayscale.PPM_DefaultCalibrationGrayscale","0","5","5","1","1.430825","0","5"
"/Engine/EngineMaterials/PPM_DefaultCalibrationColor.PPM_DefaultCalibrationColor","0","5","5","1","1.423886","0","5"
"/Game/Characters/Mannequin_UE4/Materials/M_MannequinUE4_Body.M_MannequinUE4_Body","0","108","116","2","105.204666","0","116"
"/Interchange/gltf/M_Unlit.M_Unlit","0","118","128","6","96.177734","0","128"
"/Engine/EditorMaterials/PreviewShadowIndicatorMaterial.PreviewShadowIndicatorMaterial","0","45","45","1","29.576372","0","45"
"/Game/StarterContent/Props/Materials/M_Rock.M_Rock","0","23","23","1","22.351961","0","23"
"/SpeedTreeImporter/SpeedTree9/SpeedTreeBillboardMaster.SpeedTreeBillboardMaster","0","58","62","1","76.793198","0","62"
"/SpeedTreeImporter/SpeedTree9/SpeedTreeMaster.SpeedTreeMaster","0","84","88","1","102.264687","0","88"
"/Game/StarterContent/Materials/M_Water_Ocean.M_Water_Ocean","0","23","23","1","24.607340","0","23"
"/Game/StarterContent/Materials/M_Tech_Hex_Tile.M_Tech_Hex_Tile","0","23","23","1","22.894747","0","23"
"/Game/StarterContent/Materials/M_Metal_Rust.M_Metal_Rust","0","23","23","1","22.536562","0","23"
"/Game/StarterContent/Particles/Materials/M_radial_ramp.M_radial_ramp","0","14","14","1","8.909103","0","14"
"/Game/StarterContent/Particles/Materials/M_Radial_Gradient.M_Radial_Gradient","0","14","14","1","0.000000","0","14"
"/Game/StarterContent/Materials/M_Wood_Floor_Walnut_Worn.M_Wood_Floor_Walnut_Worn","0","23","23","1","22.586138","0","23"
"/Game/StarterContent/Materials/M_ColorGrid_LowSpec.M_ColorGrid_LowSpec","0","23","23","1","20.783091","0","23"
"/Game/StarterContent/Blueprints/Assets/M_LightStage_Skybox_Master.M_LightStage_Skybox_Master","0","8","8","2","5.223121","0","8"
"/Game/FirstPerson/Blueprints/Weapon/FPWeapon/Materials/M_FPGun.M_FPGun","0","54","58","1","52.225342","0","58"
"/Engine/EngineMaterials/DefaultTextMaterialOpaque.DefaultTextMaterialOpaque","0","29","31","1","29.528563","0","31"
"/Game/StarterContent/Props/Materials/M_TableRound.M_TableRound","0","23","23","1","22.616680","0","23"
"/Game/StarterContent/Props/Materials/M_StatueGlass.M_StatueGlass","0","35","35","1","132.256302","0","35"
"/Game/StarterContent/Props/Materials/M_Statue.M_Statue","0","23","23","1","18.695904","0","23"
"/Game/StarterContent/Particles/Materials/M_Spark.M_Spark","0","11","11","1","7.010431","0","11"
"/Game/StarterContent/Particles/Materials/M_smoke_subUV.M_smoke_subUV","0","56","56","1","48.223255","0","56"
"/Game/StarterContent/Props/Materials/M_Shelf.M_Shelf","0","23","23","1","21.658346","0","23"
"/Engine/EngineMaterials/AntiAliasedTextMaterialTranslucent.AntiAliasedTextMaterialTranslucent","0","22","22","1","21.253162","0","22"
"/Engine/EngineSky/M_Sky_Panning_Clouds2.M_Sky_Panning_Clouds2","0","4","4","1","3.667321","0","4"
"/Engine/EditorMeshes/ColorCalibrator/M_ColorGrid.M_ColorGrid","0","35","35","1","11.617248","0","35"
"/Engine/MapTemplates/Sky/M_Procedural_Sky_MASTER02.M_Procedural_Sky_MASTER02","0","46","46","2","22.157715","0","46"
"/Engine/VREditor/SnapGrid/SnapGridMaterial.SnapGridMaterial","0","12","12","1","8.701499","0","12"
"/Engine/EngineSky/VolumetricClouds/m_SimpleVolumetricCloud.m_SimpleVolumetricCloud","0","100","100","1","633.547119","0","100"
"/Engine/EditorMaterials/Thumbnails/SkySphereMaterial.SkySphereMaterial","0","23","23","1","15.565547","0","23"
"/Game/StarterContent/Materials/M_Wood_Floor_Walnut_Polished.M_Wood_Floor_Walnut_Polished","0","23","23","1","19.987329","0","23"
"/Game/StarterContent/Materials/M_Water_Lake.M_Water_Lake","0","23","23","1","20.598755","0","23"
"/Game/StarterContent/Materials/M_Rock_Marble_Polished.M_Rock_Marble_Polished","0","23","23","1","24.027962","0","23"
"/Game/StarterContent/Materials/M_Wood_Walnut.M_Wood_Walnut","0","23","23","1","23.159006","0","23"
"/Game/StarterContent/Materials/M_Wood_Pine.M_Wood_Pine","0","23","23","1","23.714830","0","23"
"/Game/StarterContent/Materials/M_Wood_Oak.M_Wood_Oak","0","23","23","1","19.664024","0","23"
"/Game/StarterContent/Materials/M_Tech_Panel.M_Tech_Panel","0","23","23","1","22.871044","0","23"
"/Game/StarterContent/Materials/M_Tech_Hex_Tile_Pulse.M_Tech_Hex_Tile_Pulse","0","23","23","1","22.765823","0","23"
"/Game/StarterContent/Materials/M_Rock_Slate.M_Rock_Slate","0","23","23","1","23.445354","0","23"
"/Game/StarterContent/Materials/M_Rock_Sandstone.M_Rock_Sandstone","0","23","23","1","23.156670","0","23"
"/Game/StarterContent/Materials/M_Rock_Basalt.M_Rock_Basalt","0","23","23","1","19.280935","0","23"
"/Game/StarterContent/Materials/M_Metal_Steel.M_Metal_Steel","0","23","23","1","17.695280","0","23"
"/Engine/EngineMaterials/WorldGridMaterial.WorldGridMaterial","0","664","685","1","450.575623","0","685"
"/Game/StarterContent/Materials/M_Metal_Gold.M_Metal_Gold","0","23","23","1","20.125946","0","23"
"/Engine/EngineMaterials/DefaultMaterial.DefaultMaterial","0","127","127","1","50.840820","0","127"
"/Engine/EngineMaterials/DefaultPostProcessMaterial.DefaultPostProcessMaterial","0","7","7","1","3.615849","0","7"
"/Game/StarterContent/Materials/M_Brick_Clay_Beveled.M_Brick_Clay_Beveled","0","23","23","1","20.193741","0","23"
"/Engine/EngineMaterials/DefaultDeferredDecalMaterial.DefaultDeferredDecalMaterial","0","87","87","1","88.331711","0","87"
"/Game/StarterContent/Materials/M_Brick_Cut_Stone.M_Brick_Cut_Stone","0","23","23","1","20.493473","0","23"
"/Game/StarterContent/Materials/M_Brick_Clay_Old.M_Brick_Clay_Old","0","23","23","1","20.464512","0","23"
"/Game/StarterContent/Materials/M_Metal_Copper.M_Metal_Copper","0","23","23","1","20.105234","0","23"
"/Game/StarterContent/Materials/M_Metal_Chrome.M_Metal_Chrome","0","23","23","1","22.715887","0","23"
"/Game/StarterContent/Materials/M_Metal_Burnished_Steel.M_Metal_Burnished_Steel","0","23","23","1","19.961033","0","23"
"/Game/StarterContent/Materials/M_Metal_Brushed_Nickel.M_Metal_Brushed_Nickel","0","23","23","1","18.913420","0","23"
"/Game/StarterContent/Props/Materials/M_Lamp.M_Lamp","0","23","23","1","19.140717","0","23"
"/Game/StarterContent/Materials/M_Ground_Moss.M_Ground_Moss","0","23","23","1","19.802986","0","23"
"/Game/StarterContent/Materials/M_Ground_Gravel.M_Ground_Gravel","0","23","23","1","21.418243","0","23"
"/Game/StarterContent/Materials/M_Ground_Grass.M_Ground_Grass","0","23","23","1","22.805676","0","23"
"/Game/MapSystem/TRT/M_TRT_Map.M_TRT_Map","0","13","13","1","7.025040","0","13"
"/Game/StarterContent/Props/Materials/M_Frame.M_Frame","0","23","23","1","22.188057","0","23"
"/Game/StarterContent/Particles/Materials/M_Fire_SubUV.M_Fire_SubUV","0","11","11","1","7.279528","0","11"
"/Game/StarterContent/Particles/Materials/M_explosion_subUV.M_explosion_subUV","0","11","11","1","6.564894","0","11"
"/Game/StarterContent/Props/Materials/M_Bush.M_Bush","0","42","44","1","40.410889","0","0"
"/Game/StarterContent/Particles/Materials/M_Burst.M_Burst","0","17","17","1","11.545609","0","17"
"/Game/StarterContent/Materials/M_Brick_Hewn_Stone.M_Brick_Hewn_Stone","0","23","23","1","23.720104","0","23"
"/Game/StarterContent/Materials/M_Brick_Clay_New.M_Brick_Clay_New","0","23","23","1","19.961451","0","23"
"/Game/StarterContent/Materials/M_CobbleStone_Rough.M_CobbleStone_Rough","0","23","23","1","27.177567","0","23"
"/Game/StarterContent/Materials/M_CobbleStone_Pebble.M_CobbleStone_Pebble","0","23","23","1","23.828903","0","23"
"/Game/StarterContent/Materials/M_Tech_Checker_Dot.M_Tech_Checker_Dot","0","23","23","1","23.760147","0","0"
"/Game/StarterContent/Props/Materials/M_Chair.M_Chair","0","23","23","1","23.336264","0","23"
"/Game/StarterContent/Materials/M_Ceramic_Tile_Checker.M_Ceramic_Tile_Checker","0","23","23","1","23.819393","0","23"
"/Game/StarterContent/Particles/Materials/M_Dust_Particle.M_Dust_Particle","0","74","74","1","58.482494","0","0"
"/Game/StarterContent/Props/Materials/M_Door.M_Door","0","23","23","1","23.980850","0","23"
"/Game/StarterContent/Materials/M_Concrete_Tiles.M_Concrete_Tiles","0","23","23","1","24.681993","0","23"
"/Game/StarterContent/Materials/M_Concrete_Poured.M_Concrete_Poured","0","23","23","1","20.778772","0","0"
"/Game/StarterContent/Materials/M_Concrete_Panels.M_Concrete_Panels","0","23","23","1","23.214182","0","0"
"/Game/StarterContent/Materials/M_CobbleStone_Smooth.M_CobbleStone_Smooth","0","23","23","1","27.245565","0","23"
"/Game/StarterContent/Materials/M_Concrete_Grime.M_Concrete_Grime","0","23","23","1","23.948427","0","23"
"Globals","49","6364","0","1","0.000000","0","0"
"/ControlRig/Controls/ControlRigGizmoMaterial.ControlRigGizmoMaterial","49","4","4","1","3.505113","0","4"
"/Engine/EngineDebugMaterials/DebugEditorMaterial.DebugEditorMaterial","49","7","8","1","4.679044","0","8"
"/MeshModelingToolset/Materials/M_DynamicMeshComponentVtxColor.M_DynamicMeshComponentVtxColor","49","18","20","1","12.180100","0","20"
"/Engine/EditorMaterials/PhAT_NoCollisionMaterial.PhAT_NoCollisionMaterial","49","5","5","1","2.599220","0","5"
"/Engine/EditorMaterials/PhAT_UnselectedMaterial.PhAT_UnselectedMaterial","49","5","5","1","1.510904","0","5"
"/Engine/EngineMaterials/RemoveSurfaceMaterial.RemoveSurfaceMaterial","49","4","4","1","2.939939","0","4"
"/Engine/EngineMaterials/NaniteHiddenSectionMaterial.NaniteHiddenSectionMaterial","49","29","31","1","28.408964","0","31"
"/Engine/EngineMaterials/GizmoMaterial.GizmoMaterial","49","7","8","1","6.286850","0","8"
"/Engine/EngineDebugMaterials/DebugMeshMaterial.DebugMeshMaterial","49","7","7","1","4.103459","0","7"
"/Engine/EngineMaterials/DefaultLightFunctionMaterial.DefaultLightFunctionMaterial","49","61","61","1","30.437105","0","61"
"/Engine/EditorLandscapeResources/SplineEditorMeshMat.SplineEditorMeshMat","49","15","17","1","17.105900","0","17"
"/Engine/EngineDebugMaterials/M_SimpleUnlitTranslucent.M_SimpleUnlitTranslucent","49","5","5","1","1.535930","0","5"
"/Engine/EditorMaterials/Camera/CineMat.CineMat","49","26","26","1","17.750717","0","26"
"/Engine/VREditor/TransformGizmo/Xray.Xray","49","14","14","1","8.542429","0","14"
"/Engine/VREditor/TransformGizmo/Main.Main","49","5","5","1","1.424329","0","5"
"/Engine/VREditor/TransformGizmo/TranslucentTransformGizmoMaterial.TranslucentTransformGizmoMaterial","49","5","5","1","1.558264","0","5"
"/Engine/EditorMaterials/Dataflow/DataflowVertexMaterial.DataflowVertexMaterial","49","26","26","1","17.717745","0","26"
"/Engine/BasicShapes/BasicShapeMaterial.BasicShapeMaterial","49","96","96","1","120.983894","0","96"
"/ControlRig/Controls/ControlRigXRayMaterial.ControlRigXRayMaterial","49","10","11","1","6.123213","0","11"
"/Game/StarterContent/Materials/M_Glass.M_Glass","49","35","35","1","29.145538","0","35"
"/Game/StarterContent/Materials/M_Basic_Wall.M_Basic_Wall","49","23","23","1","0.000000","0","23"
"/Game/StarterContent/Materials/M_Basic_Floor.M_Basic_Floor","49","23","23","1","15.180902","0","23"
"/Game/StarterContent/Materials/M_AssetPlatform.M_AssetPlatform","49","23","23","1","20.090998","0","23"
"/Game/StarterContent/Particles/Materials/m_flare_01.m_flare_01","49","14","14","1","5.408536","0","14"
"/Game/StarterContent/Blueprints/Assets/M_LightStage_Arrows.M_LightStage_Arrows","49","4","4","1","3.692985","0","4"
"/Game/LevelPrototyping/Materials/M_Solid.M_Solid","49","26","26","1","22.745995","0","26"
"/Game/FirstPerson/Blueprints/Weapon/FPWeapon/Materials/BaseMaterial.BaseMaterial","49","35","35","1","14.414205","0","35"
"/Engine/EditorMeshes/ColorCalibrator/M_GreyBall.M_GreyBall","49","35","35","1","26.262026","0","35"
"/Engine/EditorMeshes/ColorCalibrator/M_ClearCoat.M_ClearCoat","49","23","23","1","14.518856","0","23"
"/Engine/EditorMeshes/ColorCalibrator/M_ChromeBall.M_ChromeBall","49","35","35","1","22.894335","0","35"
"/Engine/EditorMeshes/ColorCalibrator/M_ClearCoatBlack.M_ClearCoatBlack","49","23","23","1","20.264568","0","23"
"/Engine/EngineMaterials/FlattenMaterial_WS_Normal_VT.FlattenMaterial_WS_Normal_VT","49","64","64","1","153.797562","0","64"
"/Engine/EngineMaterials/FlattenMaterial_VT.FlattenMaterial_VT","49","64","64","1","125.579285","0","64"
"/Engine/EngineMaterials/FlattenMaterial.FlattenMaterial","49","64","64","1","0.000000","0","64"
"/Engine/EngineMaterials/M_InvalidLightmapSettings.M_InvalidLightmapSettings","49","28","28","1","19.589075","0","28"
"/Engine/EngineMaterials/EmissiveMeshMaterial.EmissiveMeshMaterial","49","7","7","1","3.515045","0","7"
"/CommonUI/VideoPlayerMaterial.VideoPlayerMaterial","49","12","12","1","5.832815","0","12"
"/Paper2D/DefaultSpriteMaterial.DefaultSpriteMaterial","49","60","66","3","38.012749","0","66"
"/Engine/EngineSky/M_SimpleSkyDome.M_SimpleSkyDome","49","4","4","1","1.776562","0","4"
"/Engine/EngineDebugMaterials/M_VolumeRenderSphereTracePP.M_VolumeRenderSphereTracePP","49","5","5","1","2.502224","0","5"
"/Engine/VREditor/TransformGizmo/TransformGizmoMaterial.TransformGizmoMaterial","49","4","4","1","2.765529","0","4"
"/Engine/VREditor/LaserPointer/LaserPointerMaterial.LaserPointerMaterial","49","6","6","1","6.013671","0","6"
"/Engine/EngineMaterials/PhAT_JointLimitMaterial.PhAT_JointLimitMaterial","49","10","11","1","7.823101","0","11"
"/ControlRig/M_Manip.M_Manip","49","10","11","1","6.029165","0","11"
"/Engine/EngineMaterials/DefaultTextMaterialOpaque.DefaultTextMaterialOpaque","49","31","33","1","20.876112","0","33"
"/Game/StarterContent/Particles/Materials/M_Heat_Distortion.M_Heat_Distortion","49","23","23","1","10.451118","0","23"
"/Game/StarterContent/Props/Materials/M_TableRound.M_TableRound","49","23","23","1","17.121994","0","23"
"/Engine/EngineMaterials/PPM_DefaultCalibrationGrayscale.PPM_DefaultCalibrationGrayscale","49","5","5","1","1.374058","0","5"
"/Engine/EngineMaterials/PPM_DefaultCalibrationColor.PPM_DefaultCalibrationColor","49","5","5","1","1.406923","0","5"
"/Game/StarterContent/Props/Materials/M_StatueGlass.M_StatueGlass","49","35","35","1","29.488939","0","35"
"/Game/StarterContent/Props/Materials/M_Statue.M_Statue","49","23","23","1","11.454336","0","23"
"/Game/StarterContent/Particles/Materials/M_Spark.M_Spark","49","11","11","1","3.550386","0","11"
"/Game/StarterContent/Particles/Materials/M_smoke_subUV.M_smoke_subUV","49","56","56","1","24.653208","0","56"
"/Game/StarterContent/Props/Materials/M_Shelf.M_Shelf","49","23","23","1","12.221213","0","23"
"/Game/StarterContent/Materials/M_Wood_Floor_Walnut_Polished.M_Wood_Floor_Walnut_Polished","49","23","23","1","12.901423","0","23"
"/Game/StarterContent/Materials/M_Water_Lake.M_Water_Lake","49","23","23","1","16.039904","0","23"
"/Game/StarterContent/Materials/M_Rock_Marble_Polished.M_Rock_Marble_Polished","49","23","23","1","14.583395","0","23"
"/Game/StarterContent/Materials/M_Wood_Walnut.M_Wood_Walnut","49","23","23","1","14.604545","0","23"
"/Game/StarterContent/Materials/M_Wood_Pine.M_Wood_Pine","49","23","23","1","16.299236","0","23"
"/Game/StarterContent/Materials/M_Wood_Oak.M_Wood_Oak","49","23","23","1","14.531962","0","23"
"/Game/StarterContent/Materials/M_Tech_Panel.M_Tech_Panel","49","23","23","1","17.014318","0","23"
"/Game/StarterContent/Materials/M_Tech_Hex_Tile_Pulse.M_Tech_Hex_Tile_Pulse","49","23","23","1","16.767000","0","23"
"/Game/StarterContent/Materials/M_Rock_Slate.M_Rock_Slate","49","23","23","1","17.661652","0","23"
"/Game/StarterContent/Materials/M_Rock_Sandstone.M_Rock_Sandstone","49","23","23","1","16.737017","0","23"
"/Game/StarterContent/Materials/M_Rock_Basalt.M_Rock_Basalt","49","23","23","1","15.580552","0","23"
"/Game/StarterContent/Materials/M_Metal_Steel.M_Metal_Steel","49","23","23","1","14.322009","0","23"
"/Game/StarterContent/Materials/M_Metal_Gold.M_Metal_Gold","49","23","23","1","14.198928","0","23"
"/Game/StarterContent/Materials/M_Metal_Copper.M_Metal_Copper","49","23","23","1","14.448042","0","23"
"/Game/StarterContent/Materials/M_Metal_Chrome.M_Metal_Chrome","49","23","23","1","17.025322","0","23"
"/Game/StarterContent/Materials/M_Metal_Burnished_Steel.M_Metal_Burnished_Steel","49","23","23","1","15.547419","0","23"
"/Game/StarterContent/Materials/M_Metal_Brushed_Nickel.M_Metal_Brushed_Nickel","49","23","23","1","15.332817","0","23"
"/Game/StarterContent/Props/Materials/M_Lamp.M_Lamp","49","23","23","1","16.321257","0","23"
"/Game/StarterContent/Materials/M_Ground_Moss.M_Ground_Moss","49","23","23","1","16.764116","0","23"
"/Game/StarterContent/Materials/M_Ground_Gravel.M_Ground_Gravel","49","23","23","1","14.554634","0","23"
"/Game/StarterContent/Materials/M_Ground_Grass.M_Ground_Grass","49","23","23","1","14.228184","0","23"
"/Game/MapSystem/TRT/M_TRT_Map.M_TRT_Map","49","13","13","1","5.111201","0","13"
"/Game/StarterContent/Props/Materials/M_Frame.M_Frame","49","23","23","1","15.622905","0","23"
"/Game/StarterContent/Particles/Materials/M_Fire_SubUV.M_Fire_SubUV","49","11","11","1","4.994555","0","11"
"/Game/StarterContent/Particles/Materials/M_explosion_subUV.M_explosion_subUV","49","11","11","1","5.163651","0","11"
"/Game/StarterContent/Particles/Materials/M_Dust_Particle.M_Dust_Particle","49","74","74","1","38.947048","0","0"
"/Game/StarterContent/Props/Materials/M_Door.M_Door","49","23","23","1","16.480980","0","23"
"/Game/StarterContent/Materials/M_Concrete_Tiles.M_Concrete_Tiles","49","23","23","1","17.738749","0","23"
"/Game/StarterContent/Materials/M_Concrete_Poured.M_Concrete_Poured","49","23","23","1","14.766753","0","0"
"/Game/StarterContent/Materials/M_Concrete_Panels.M_Concrete_Panels","49","23","23","1","16.584995","0","0"
"/Game/StarterContent/Materials/M_Concrete_Grime.M_Concrete_Grime","49","23","23","1","16.405666","0","23"
"/Game/StarterContent/Materials/M_CobbleStone_Smooth.M_CobbleStone_Smooth","49","23","23","1","17.294397","0","23"
"/Game/StarterContent/Materials/M_CobbleStone_Rough.M_CobbleStone_Rough","49","23","23","1","16.990990","0","23"
"/Game/StarterContent/Materials/M_CobbleStone_Pebble.M_CobbleStone_Pebble","49","23","23","1","15.556849","0","23"
"/Game/StarterContent/Materials/M_Tech_Checker_Dot.M_Tech_Checker_Dot","49","23","23","1","15.822938","0","0"
"/Game/StarterContent/Props/Materials/M_Chair.M_Chair","49","23","23","1","15.102983","0","23"
"/Game/StarterContent/Materials/M_Ceramic_Tile_Checker.M_Ceramic_Tile_Checker","49","23","23","1","17.382374","0","23"
"/Game/StarterContent/Props/Materials/M_Bush.M_Bush","49","44","46","1","26.904146","0","0"
"/Game/StarterContent/Particles/Materials/M_Burst.M_Burst","49","17","17","1","9.385250","0","17"
"/Game/StarterContent/Materials/M_Brick_Hewn_Stone.M_Brick_Hewn_Stone","49","23","23","1","15.067558","0","23"
"/Game/StarterContent/Materials/M_Brick_Cut_Stone.M_Brick_Cut_Stone","49","23","23","1","15.658894","0","23"
"/Game/StarterContent/Materials/M_Brick_Clay_Old.M_Brick_Clay_Old","49","23","23","1","13.948816","0","23"
"/Game/StarterContent/Materials/M_Brick_Clay_New.M_Brick_Clay_New","49","23","23","1","13.494825","0","23"
"/Game/StarterContent/Materials/M_Brick_Clay_Beveled.M_Brick_Clay_Beveled","49","23","23","1","14.196853","0","23"
"/Engine/EngineMaterials/Widget3DPassThrough.Widget3DPassThrough","49","61","66","6","30.365551","0","66"
"/Engine/EngineMaterials/DefaultPostProcessMaterial.DefaultPostProcessMaterial","49","7","7","1","2.460280","0","7"
"/Engine/EngineMaterials/DefaultDeferredDecalMaterial.DefaultDeferredDecalMaterial","49","87","87","1","60.067635","0","87"
"/Engine/EngineMaterials/DefaultMaterial.DefaultMaterial","49","127","127","1","78.575363","0","127"
"/Engine/EngineMaterials/WorldGridMaterial.WorldGridMaterial","49","949","970","1","593.915100","0","970"
"/Engine/EngineMaterials/AntiAliasedTextMaterialTranslucent.AntiAliasedTextMaterialTranslucent","49","22","22","1","13.107432","0","22"
"/Engine/EditorMeshes/ColorCalibrator/M_ColorGrid.M_ColorGrid","49","35","35","1","20.121441","0","35"
"/Engine/EngineSky/M_Sky_Panning_Clouds2.M_Sky_Panning_Clouds2","49","4","4","1","2.494617","0","4"
"/Engine/MapTemplates/Sky/M_Procedural_Sky_MASTER02.M_Procedural_Sky_MASTER02","49","46","46","2","13.745727","0","46"
"/Engine/EngineSky/VolumetricClouds/m_SimpleVolumetricCloud.m_SimpleVolumetricCloud","49","100","100","1","163.544632","0","100"
"/Engine/VREditor/SnapGrid/SnapGridMaterial.SnapGridMaterial","49","12","12","1","6.132915","0","12"
"/Engine/EditorMaterials/PreviewShadowIndicatorMaterial.PreviewShadowIndicatorMaterial","49","61","61","1","26.972092","0","61"
"/Game/StarterContent/Props/Materials/M_Rock.M_Rock","49","23","23","1","14.305306","0","23"
"/Game/StarterContent/Materials/M_Water_Ocean.M_Water_Ocean","49","23","23","1","14.353266","0","23"
"/Game/StarterContent/Materials/M_Tech_Hex_Tile.M_Tech_Hex_Tile","49","23","23","1","15.179473","0","23"
"/Game/StarterContent/Materials/M_Metal_Rust.M_Metal_Rust","49","23","23","1","14.763678","0","23"
"/Game/StarterContent/Particles/Materials/M_radial_ramp.M_radial_ramp","49","14","14","1","5.468044","0","14"
"/Game/StarterContent/Particles/Materials/M_Radial_Gradient.M_Radial_Gradient","49","14","14","1","0.000000","0","14"
"/Game/StarterContent/Materials/M_Wood_Floor_Walnut_Worn.M_Wood_Floor_Walnut_Worn","49","23","23","1","15.549402","0","23"
"/Game/StarterContent/Materials/M_ColorGrid_LowSpec.M_ColorGrid_LowSpec","49","23","23","1","0.000000","0","23"
"/Game/StarterContent/Blueprints/Assets/M_LightStage_Skybox_Master.M_LightStage_Skybox_Master","49","8","8","2","3.937160","0","8"
"/Game/FirstPerson/Blueprints/Weapon/FPWeapon/Materials/M_FPGun.M_FPGun","49","58","62","1","35.075886","0","62"
"/Game/Characters/Mannequin_UE4/Materials/M_MannequinUE4_Body.M_MannequinUE4_Body","49","116","124","2","73.166893","0","124"
"/Interchange/gltf/M_Unlit.M_Unlit","49","126","136","6","65.772057","0","136"
"/Engine/EditorMaterials/Thumbnails/SkySphereMaterial.SkySphereMaterial","49","23","23","1","13.552829","0","23"
"/Game/FirstPerson/FirstPersonArms/Character/Materials/M_Mannequin.M_Mannequin","49","56","60","2","57.657814","0","60"
"/Game/Characters/Mannequins/Materials/M_Mannequin.M_Mannequin","49","56","60","2","0.000000","0","60"
"/Game/LevelPrototyping/Materials/M_PrototypeGrid.M_PrototypeGrid","49","69","69","3","57.562424","0","69"
"/SpeedTreeImporter/SpeedTree9/SpeedTreeBillboardMaster.SpeedTreeBillboardMaster","49","62","66","1","45.894505","0","66"
"/SpeedTreeImporter/SpeedTree9/SpeedTreeMaster.SpeedTreeMaster","49","88","92","1","64.799332","0","92"
"/Interchange/gltf/M_Transmission.M_Transmission","49","96","96","2","277.534302","0","96"
"/Interchange/gltf/M_SpecularGlossiness.M_SpecularGlossiness","49","270","280","6","204.376923","0","280"
"/Interchange/gltf/M_Default.M_Default","49","270","280","6","216.588470","0","280"
"/Interchange/gltf/M_Sheen.M_Sheen","49","270","280","6","202.056396","0","280"
"/Interchange/gltf/M_ClearCoat.M_ClearCoat","49","270","280","6","210.246933","0","280"
